DROP DATABASE IF EXISTS MealPlanProj;
CREATE DATABASE MealPlanProj;
USE MealPlanProj;

CREATE TABLE Users (
                userID INT NOT NULL AUTO_INCREMENT,
                user_fname VARCHAR(255) NOT NULL,
                user_lname VARCHAR(255) NOT NULL,
                user_password VARCHAR(255) NOT NULL,
                user_email VARCHAR(255) NOT NULL,
                PRIMARY KEY(userID)
        );

CREATE TABLE MealPlanner(
        planner_id INT NOT NULL AUTO_INCREMENT,
        userID INT NOT NULL,
        PRIMARY KEY(planner_id),
        FOREIGN KEY(userID) REFERENCES Users(userID) ON DELETE CASCADE ON UPDATE CASCADE,
        UNIQUE KEY(userID)
        );

CREATE TABLE Recipe (
        recipe_id INT NOT NULL AUTO_INCREMENT,
        recipe_nm VARCHAR(255) NOT NULL,
        date_created DATE NOT NULL,
        estimatedtime TIME NOT NULL,
        recipe_description VARCHAR(255) NOT NULL,
        image VARCHAR(255) NOT NULL,
        PRIMARY KEY(recipe_id)
        ); 

CREATE TABLE CalorieCount (
        calorie_c_id INT NOT NULL AUTO_INCREMENT,
        number_of_calories INT NOT NULL,
        type_of_calories VARCHAR(255) NOT NULL,
        PRIMARY KEY(calorie_c_id)
        );

CREATE TABLE instruction (
        instruct_id INT NOT NULL AUTO_INCREMENT,
	instruct_description VARCHAR(255) NOT NULL,
	recipe_id INT NOT NULL,
        PRIMARY KEY(instruct_id),
	FOREIGN KEY(recipe_id) REFERENCES Recipe(recipe_id) ON DELETE CASCADE ON UPDATE CASCADE
);

CREATE TABLE Ingredients (
        ingredient_id INT NOT NULL AUTO_INCREMENT,
        ingredient_name VARCHAR(255) NOT NULL,
        PRIMARY KEY(ingredient_id),
        UNIQUE KEY(ingredient_name)
        );

CREATE TABLE Measurements (
        measure_id INT NOT NULL AUTO_INCREMENT,
	unit VARCHAR(15) NOT NULL,
        PRIMARY KEY(measure_id)
);

CREATE TABLE IngredientMeasurement(
        recipe_id INT NOT NULL,
	ingredient_id INT NOT NULL,
	measure_id INT NOT NULL,
	quantity FLOAT(2) NOT NULL,
        PRIMARY KEY(recipe_id, ingredient_id),
	FOREIGN KEY(recipe_id) REFERENCES Recipe(recipe_id) ON DELETE CASCADE ON UPDATE CASCADE,
	FOREIGN KEY(ingredient_id) REFERENCES Ingredients(ingredient_id) ON DELETE CASCADE ON UPDATE CASCADE,
	FOREIGN KEY(measure_id) REFERENCES Measurements(measure_id) ON DELETE CASCADE ON UPDATE CASCADE
);


CREATE TABLE Meals(
        meal_id INT NOT NULL AUTO_INCREMENT,
        planner_id INT NOT NULL,
        meal_name varchar(255) NOT NULL,
        meal_type varchar(255) NOT NULL,
        servingsize INT NOT NULL,
        calorie_c_id INT NOT NULL,
        recipe_id INT NOT NULL,
        PRIMARY KEY(meal_id, planner_id),
        FOREIGN KEY(recipe_id) REFERENCES Recipe(recipe_id) ON DELETE CASCADE ON UPDATE CASCADE,
        FOREIGN KEY(calorie_c_id) REFERENCES CalorieCount(calorie_c_id) ON DELETE CASCADE ON UPDATE CASCADE,
        FOREIGN KEY(planner_id) REFERENCES MealPlanner(planner_id) ON DELETE CASCADE ON UPDATE CASCADE
);

CREATE TABLE AvailableIngredients(
        userID INT NOT NULL,
	ingredient_id INT NOT NULL,
	quantity_of_ingredients INT NOT NULL,
        PRIMARY KEY(userID, ingredient_id),
	FOREIGN KEY(userID) REFERENCES Users(userID) ON DELETE CASCADE ON UPDATE CASCADE,
	FOREIGN KEY(ingredient_id) REFERENCES Ingredients(ingredient_id) ON DELETE CASCADE ON UPDATE CASCADE
);

DELIMITER //
CREATE PROCEDURE userGet(IN userid INT)
BEGIN   
    SELECT * FROM Users WHERE userID=userid;   
END //
DELIMITER ;

DELIMITER //
CREATE PROCEDURE recipeAdd(IN n_rname VARCHAR(255),IN n_date DATETIME, IN n_time TIME, IN n_desc VARCHAR(255),IN n_image VARCHAR(255))
BEGIN  
        INSERT INTO Recipe(recipe_nm,image, estimatedtime, date_created, recipe_description)
        VALUES (n_rname,n_image, n_estimatedtime, n_date, n_desc);
END //
DELIMITER ;

DELIMITER //
CREATE PROCEDURE userAdd( IN n_user_fname VARCHAR(255), IN n_user_lname VARCHAR(255), IN n_user_password VARCHAR(255), IN n_user_email VARCHAR(255))
BEGIN
        INSERT INTO Users(user_fname, user_lname, user_password,user_email) VALUES
        (n_user_fname, n_user_lname, n_user_password,n_user_email);
END //
DELIMITER ;

DELIMITER //
CREATE PROCEDURE MealPlanGet(IN userID INT)
BEGIN
    SELECT p.meals_that_are_planned FROM Planners_containing_meals_json p WHERE  p.userID = userID;
END //

DELIMITER ;

DELIMITER //
CREATE PROCEDURE SuperMarketListGET(IN userID INT)
BEGIN
    SELECT * FROM MarketLists s WHERE s.userID = userID;
    
END //
DELIMITER ;

DELIMITER //
CREATE PROCEDURE RecipeSearch(IN rnm VARCHAR(255))
BEGIN
    Select recipe_id,recipe_nm,recipe_description,image FROM Recipe allr where allr.recipe_nm LIKE rnm;
END //
DELIMITER ;

DELIMITER //
CREATE PROCEDURE  userCount()
BEGIN
    SELECT COUNT(userID) from Users;
END //
DELIMITER ;

DELIMITER //
CREATE PROCEDURE MealGet(IN mid INT)
BEGIN
     Select * from p_meal_recipe_json_cal p where p.meal_id =mid;
END //
DELIMITER ;

DELIMITER //
CREATE PROCEDURE RecipeSpecificGet(IN rid INT)
BEGIN
    Select * FROM all_recipes_json allr where allr.recipe_id=rid;
END //
DELIMITER ;

Insert into Users VALUES (1,"Daniel","Wolf","8DXJsttx&7","DanielWolf@NotanEmail.com");Insert into Users VALUES (2,"Nicholas","Jones","zg_*L2SnEr","NicholasJones@NotanEmail.com");Insert into Users VALUES (3,"Derek","Sandoval","R5LqwBfr(H","DerekSandoval@NotanEmail.com");Insert into Users VALUES (4,"Kari","Russell","@9LlcIhb*U","KariRussell@NotanEmail.com");Insert into Users VALUES (5,"William","Morrison","Vz$2vWfq4K","WilliamMorrison@NotanEmail.com");Insert into Users VALUES (6,"Daniel","Nelson","+@^7EIb!VF","DanielNelson@NotanEmail.com");Insert into Users VALUES (7,"Brian","Hardy",")Ji$S5edB5","BrianHardy@NotanEmail.com");Insert into Users VALUES (8,"Suzanne","Hunt","W%f4svRiU7","SuzanneHunt@NotanEmail.com");Insert into Users VALUES (9,"Taylor","Rodriguez","NzM)0NmUAy","TaylorRodriguez@NotanEmail.com");Insert into Users VALUES (10,"Robert","Davis","n&0Nk^Nu8^","RobertDavis@NotanEmail.com");Insert into MealPlanner VALUES (1,1);Insert into MealPlanner VALUES (2,2);Insert into MealPlanner VALUES (3,3);Insert into MealPlanner VALUES (4,4);Insert into MealPlanner VALUES (5,5);Insert into MealPlanner VALUES (6,6);Insert into MealPlanner VALUES (7,7);Insert into MealPlanner VALUES (8,8);Insert into MealPlanner VALUES (9,9);Insert into MealPlanner VALUES (10,10);Insert into Ingredients VALUES (1,"fish");Insert into Ingredients VALUES (2,"beef");Insert into Ingredients VALUES (3,"chicken");Insert into Ingredients VALUES (4,"tofu");Insert into Ingredients VALUES (5,"lettuce");Insert into Ingredients VALUES (6,"shrimp");Insert into Ingredients VALUES (7,"water");Insert into Ingredients VALUES (8,"black pepper");Insert into Ingredients VALUES (9,"sweet pepper");Insert into Ingredients VALUES (10,"garlic");Insert into Ingredients VALUES (11,"sugar");Insert into Ingredients VALUES (12,"cayenne pepper");Insert into Ingredients VALUES (13,"oil");Insert into Ingredients VALUES (14,"all-purpose flour");Insert into Ingredients VALUES (15,"onion powder");Insert into Ingredients VALUES (16,"basil");Insert into Ingredients VALUES (17,"mozzarella");Insert into Ingredients VALUES (18,"parsley");Insert into Ingredients VALUES (19,"white rice");Insert into Ingredients VALUES (20,"green onion");Insert into Ingredients VALUES (21,"ground beef");Insert into Ingredients VALUES (22,"whole-wheat wrap");Insert into Ingredients VALUES (23,"eggs");Insert into Ingredients VALUES (24,"cranberry");Insert into Ingredients VALUES (25,"vinegar");Insert into Ingredients VALUES (26,"milk");Insert into Ingredients VALUES (27,"cheese");Insert into Ingredients VALUES (28,"vanilla");Insert into Ingredients VALUES (29,"mustard");Insert into Ingredients VALUES (30,"ketchup");Insert into Ingredients VALUES (31,"butter");Insert into Ingredients VALUES (32,"mayonnaise");Insert into Ingredients VALUES (33,"hot sauce");Insert into Ingredients VALUES (34,"curry powder");Insert into Ingredients VALUES (35,"lime");Insert into Measurements VALUES (1,"kg");Insert into Measurements VALUES (2,"cups");Insert into Measurements VALUES (3,"tsp");Insert into Measurements VALUES (4,"tbsp");Insert into Measurements VALUES (5,"ml");Insert into Measurements VALUES (6,"g");Insert into Measurements VALUES (7,"gallon");Insert into Measurements VALUES (8,"quarts");Insert into Recipe VALUES (1,"Crispy,Crunchy and Appetizing Gungo Rice and Pudding","2021-04-11","03:44:06","Read somebody this account newspaper compare indicate. Scientist card create sure respond beautiful time.","https://www.lorempixel.com/13/230");Insert into Recipe VALUES (2,"Mexican Gourmet Dal Roti Sushi Roll","2021-04-11","00:35:51","Nice rest chance once worry young factor. Budget every five site talk experience civil. Business each statement they.","https://placekitten.com/1015/365");Insert into Recipe VALUES (3,"Sweet and Buttered Chicken Wrap Ground Beef","2021-04-11","03:23:45","Series letter under face wife police guy. Rule machine front main bill TV.","https://placekitten.com/460/296");Insert into Recipe VALUES (4,"Briny and Baked Cheesecake Pizza","2021-04-11","03:01:24","Least mind evening ten. Easy direction especially establish smile speech market.","https://dummyimage.com/767x584");Insert into Recipe VALUES (5,"Baked and Caked Cheesecake Fish","2021-04-11","00:46:34","Recognize ago point door career nor audience time. Why time available student language once chair certainly.","https://placeimg.com/232/327/any");Insert into Recipe VALUES (6,"Fried Classic Cheesecake and Hamburger","2021-04-11","03:04:00","Central shake indeed someone lead. Stock us why easy. Responsibility card mean top break center read item.","https://placeimg.com/285/647/any");Insert into Recipe VALUES (7,"Cheesy Crumbly Sichuan Pork Sushi Roll","2021-04-11","03:56:01","Upon TV protect world seem oil. Strong out tough mouth. Black be we anything commercial money between.","https://www.lorempixel.com/452/461");Insert into Recipe VALUES (8,"Creamy Indian Quesadilla Tandoori Chicken","2021-04-11","01:37:04","Natural across main short fill. Democrat star environmental benefit throughout hair push.","https://placekitten.com/734/464");Insert into Recipe VALUES (9,"Burnt and Classic Fish and Cheesecake","2021-04-11","00:15:08","Meeting ahead assume claim woman through doctor may. Appear foot reality listen. Market whom why sometimes those who black.","https://dummyimage.com/569x258");Insert into Recipe VALUES (10,"Jerked Spicy Any-Meat Wrap Fish","2021-04-11","01:32:32","Medical pay outside picture store. Though doctor effort ever buy.","https://www.lorempixel.com/322/640");Insert into Recipe VALUES (11,"Home-Style Salty Tandoori Chicken Chow Mein","2021-04-11","02:53:31","Policy yourself offer international. Then father they million what drug. Television cost young. Effect claim positive data plant memory.","https://www.lorempixel.com/374/592");Insert into Recipe VALUES (12,"Unique and Buttered Ratatouille and Sushi Roll","2021-04-11","03:20:39","Yourself leave effort minute. Live each boy office these believe theory.","https://www.lorempixel.com/596/835");Insert into Recipe VALUES (13,"Deep-Fried Bite-size Ground Beef and Sichuan Pork","2021-04-11","01:37:29","During improve in response. Process Mrs method friend hour international.","https://dummyimage.com/608x251");Insert into Recipe VALUES (14,"Burnt Jerked Tandoori Chicken Cheesecake","2021-04-11","02:45:28","Decade level part Democrat job draw each. Peace same example police.","https://dummyimage.com/690x858");Insert into Recipe VALUES (15,"Browned and Caked Curry Goat Ratatouille","2021-04-11","02:54:10","Cell phone she find. End wall back measure drug model candidate. Cover senior citizen tend.","https://placeimg.com/791/580/any");Insert into Recipe VALUES (16,"Blended and Creamy Hamburger Curry Mango","2021-04-11","00:27:26","Claim good draw place name. State relate feeling arrive late fact poor little. Finally center onto where study.","https://dummyimage.com/25x236");Insert into Recipe VALUES (17,"Sweet French Butter Chicken and Sushi Roll","2021-04-11","02:15:24","Tv camera task bill new long once.","https://placekitten.com/172/910");Insert into Recipe VALUES (18,"Juicy Bite-size Curry Goat and Cheesecake","2021-04-11","03:30:53","Lot six maintain mother buy in. Certain would manager heavy level.","https://placekitten.com/425/841");Insert into Recipe VALUES (19,"French and Flame-Broiled Curry Goat Hamburger","2021-04-11","03:23:49","Call item budget business cell. Majority necessary foreign not somebody career. Performance floor want building generation when ball might.","https://placekitten.com/514/866");Insert into Recipe VALUES (20,"Jerked Cheesy Ground Beef and Dal Roti","2021-04-11","02:19:40","View strategy mind industry year. Rise family career half see skill dinner popular. Finish probably especially mother successful.","https://dummyimage.com/801x484");Insert into instruction VALUES (1,"Keep among feeling school. Sure debate prepare though. Nothing environment where short me pattern the. Member stand need light power fall.",1);Insert into instruction VALUES (2,"Keep among feeling school. Sure debate prepare though. Nothing environment where short me pattern the. Member stand need light power fall.",1);Insert into instruction VALUES (3,"Keep among feeling school. Sure debate prepare though. Nothing environment where short me pattern the. Member stand need light power fall.",1);Insert into instruction VALUES (4,"Keep among feeling school. Sure debate prepare though. Nothing environment where short me pattern the. Member stand need light power fall.",1);Insert into instruction VALUES (5,"Sell bank develop general rather per. Size face answer arrive nice take. Almost play receive attack top.",2);Insert into instruction VALUES (6,"Sell bank develop general rather per. Size face answer arrive nice take. Almost play receive attack top.",2);Insert into instruction VALUES (7,"Owner his defense shoulder church. Discuss trade until loss list compare. Suffer perform result sport instead view. Age manage however south anything.",3);Insert into instruction VALUES (8,"Owner his defense shoulder church. Discuss trade until loss list compare. Suffer perform result sport instead view. Age manage however south anything.",3);Insert into instruction VALUES (9,"Reflect through may main. Else through result herself develop college. Chance someone beat nice without.",4);Insert into instruction VALUES (10,"Reflect through may main. Else through result herself develop college. Chance someone beat nice without.",4);Insert into instruction VALUES (11,"Reflect through may main. Else through result herself develop college. Chance someone beat nice without.",4);Insert into instruction VALUES (12,"Wonder religious growth show appear we stock. Oil bad discussion others. Life Mrs international article summer recently. Tonight institution go.",5);Insert into instruction VALUES (13,"Wonder religious growth show appear we stock. Oil bad discussion others. Life Mrs international article summer recently. Tonight institution go.",5);Insert into instruction VALUES (14,"Wonder religious growth show appear we stock. Oil bad discussion others. Life Mrs international article summer recently. Tonight institution go.",5);Insert into instruction VALUES (15,"Her beautiful sometimes nothing. Subject feeling with short everything activity police. Bed strategy mother sing.",6);Insert into instruction VALUES (16,"Her beautiful sometimes nothing. Subject feeling with short everything activity police. Bed strategy mother sing.",6);Insert into instruction VALUES (17,"Organization board establish note field. Laugh ask official for. West protect different. Late cause last structure baby north green develop.",7);Insert into instruction VALUES (18,"Organization board establish note field. Laugh ask official for. West protect different. Late cause last structure baby north green develop.",7);Insert into instruction VALUES (19,"Affect involve public become money.",8);Insert into instruction VALUES (20,"Affect involve public become money.",8);Insert into instruction VALUES (21,"Affect involve public become money.",8);Insert into instruction VALUES (22,"Community stuff stock but station none. Goal action second current sell whose. Section find blue mouth short girl similar.",9);Insert into instruction VALUES (23,"Community stuff stock but station none. Goal action second current sell whose. Section find blue mouth short girl similar.",9);Insert into instruction VALUES (24,"Community stuff stock but station none. Goal action second current sell whose. Section find blue mouth short girl similar.",9);Insert into instruction VALUES (25,"Community stuff stock but station none. Goal action second current sell whose. Section find blue mouth short girl similar.",9);Insert into instruction VALUES (26,"When let mention school white avoid Mrs.",10);Insert into instruction VALUES (27,"When let mention school white avoid Mrs.",10);Insert into instruction VALUES (28,"When let mention school white avoid Mrs.",10);Insert into instruction VALUES (29,"Reflect go ability on citizen enjoy accept region. Continue since send board east lawyer. Term product win space.",11);Insert into instruction VALUES (30,"Reflect go ability on citizen enjoy accept region. Continue since send board east lawyer. Term product win space.",11);Insert into instruction VALUES (31,"Reflect go ability on citizen enjoy accept region. Continue since send board east lawyer. Term product win space.",11);Insert into instruction VALUES (32,"Agent away cell in animal benefit mother. Until price market her. Interest rich teach agent follow.",12);Insert into instruction VALUES (33,"Agent away cell in animal benefit mother. Until price market her. Interest rich teach agent follow.",12);Insert into instruction VALUES (34,"Agent away cell in animal benefit mother. Until price market her. Interest rich teach agent follow.",12);Insert into instruction VALUES (35,"Already our low notice moment. Doctor father democratic order good white.",13);Insert into instruction VALUES (36,"Already our low notice moment. Doctor father democratic order good white.",13);Insert into instruction VALUES (37,"Already our low notice moment. Doctor father democratic order good white.",13);Insert into instruction VALUES (38,"Already our low notice moment. Doctor father democratic order good white.",13);Insert into instruction VALUES (39,"Cultural who fall eight kitchen own. Voice tax eye she actually popular.",14);Insert into instruction VALUES (40,"Cultural who fall eight kitchen own. Voice tax eye she actually popular.",14);Insert into instruction VALUES (41,"Appear themselves save road call. Choose high indeed explain all explain. Clear everything hot capital appear teach policy.",15);Insert into instruction VALUES (42,"Appear themselves save road call. Choose high indeed explain all explain. Clear everything hot capital appear teach policy.",15);Insert into instruction VALUES (43,"Kitchen ten week daughter yard. Three these major official they north. Might skin many where.",16);Insert into instruction VALUES (44,"Kitchen ten week daughter yard. Three these major official they north. Might skin many where.",16);Insert into instruction VALUES (45,"Something tough arrive truth sound. Whole through half near dinner if.",17);Insert into instruction VALUES (46,"Something tough arrive truth sound. Whole through half near dinner if.",17);Insert into instruction VALUES (47,"Something tough arrive truth sound. Whole through half near dinner if.",17);Insert into instruction VALUES (48,"Republican wife discover forward. Amount official strategy human. Especially sit early road card.",18);Insert into instruction VALUES (49,"Republican wife discover forward. Amount official strategy human. Especially sit early road card.",18);Insert into instruction VALUES (50,"Paper skin play across any through here. Street west price report test building.",19);Insert into instruction VALUES (51,"Paper skin play across any through here. Street west price report test building.",19);Insert into instruction VALUES (52,"Paper skin play across any through here. Street west price report test building.",19);Insert into instruction VALUES (53,"Manager pretty reveal prevent serve apply morning technology. Exist cost perform store.",20);Insert into instruction VALUES (54,"Manager pretty reveal prevent serve apply morning technology. Exist cost perform store.",20);Insert into AvailableIngredients VALUES (1,1,44);Insert into AvailableIngredients VALUES (1,2,46);Insert into AvailableIngredients VALUES (1,3,17);Insert into AvailableIngredients VALUES (1,4,34);Insert into AvailableIngredients VALUES (1,5,0);Insert into AvailableIngredients VALUES (1,6,12);Insert into AvailableIngredients VALUES (1,7,32);Insert into AvailableIngredients VALUES (1,8,33);Insert into AvailableIngredients VALUES (1,9,40);Insert into AvailableIngredients VALUES (1,10,25);Insert into AvailableIngredients VALUES (1,11,26);Insert into AvailableIngredients VALUES (1,12,45);Insert into AvailableIngredients VALUES (1,13,49);Insert into AvailableIngredients VALUES (1,14,26);Insert into AvailableIngredients VALUES (1,15,47);Insert into AvailableIngredients VALUES (1,16,33);Insert into AvailableIngredients VALUES (1,17,14);Insert into AvailableIngredients VALUES (1,18,39);Insert into AvailableIngredients VALUES (1,19,46);Insert into AvailableIngredients VALUES (1,20,34);Insert into AvailableIngredients VALUES (1,21,5);Insert into AvailableIngredients VALUES (1,22,8);Insert into AvailableIngredients VALUES (1,23,23);Insert into AvailableIngredients VALUES (1,24,42);Insert into AvailableIngredients VALUES (1,25,25);Insert into AvailableIngredients VALUES (1,26,33);Insert into AvailableIngredients VALUES (1,27,22);Insert into AvailableIngredients VALUES (1,28,8);Insert into AvailableIngredients VALUES (1,29,33);Insert into AvailableIngredients VALUES (1,30,19);Insert into AvailableIngredients VALUES (1,31,5);Insert into AvailableIngredients VALUES (1,32,46);Insert into AvailableIngredients VALUES (1,33,6);Insert into AvailableIngredients VALUES (1,34,36);Insert into AvailableIngredients VALUES (2,1,23);Insert into AvailableIngredients VALUES (2,2,41);Insert into AvailableIngredients VALUES (2,3,12);Insert into AvailableIngredients VALUES (2,4,15);Insert into AvailableIngredients VALUES (2,5,39);Insert into AvailableIngredients VALUES (2,6,32);Insert into AvailableIngredients VALUES (2,7,16);Insert into AvailableIngredients VALUES (2,8,49);Insert into AvailableIngredients VALUES (2,9,34);Insert into AvailableIngredients VALUES (2,10,13);Insert into AvailableIngredients VALUES (2,11,9);Insert into AvailableIngredients VALUES (2,12,12);Insert into AvailableIngredients VALUES (2,13,20);Insert into AvailableIngredients VALUES (2,14,22);Insert into AvailableIngredients VALUES (2,15,13);Insert into AvailableIngredients VALUES (2,16,48);Insert into AvailableIngredients VALUES (2,17,44);Insert into AvailableIngredients VALUES (2,18,45);Insert into AvailableIngredients VALUES (2,19,32);Insert into AvailableIngredients VALUES (2,20,15);Insert into AvailableIngredients VALUES (2,21,30);Insert into AvailableIngredients VALUES (2,22,29);Insert into AvailableIngredients VALUES (2,23,39);Insert into AvailableIngredients VALUES (2,24,18);Insert into AvailableIngredients VALUES (2,25,5);Insert into AvailableIngredients VALUES (2,26,33);Insert into AvailableIngredients VALUES (2,27,39);Insert into AvailableIngredients VALUES (2,28,18);Insert into AvailableIngredients VALUES (2,29,2);Insert into AvailableIngredients VALUES (2,30,18);Insert into AvailableIngredients VALUES (2,31,19);Insert into AvailableIngredients VALUES (2,32,0);Insert into AvailableIngredients VALUES (2,33,39);Insert into AvailableIngredients VALUES (2,34,43);Insert into AvailableIngredients VALUES (3,1,27);Insert into AvailableIngredients VALUES (3,2,43);Insert into AvailableIngredients VALUES (3,3,40);Insert into AvailableIngredients VALUES (3,4,35);Insert into AvailableIngredients VALUES (3,5,19);Insert into AvailableIngredients VALUES (3,6,24);Insert into AvailableIngredients VALUES (3,7,12);Insert into AvailableIngredients VALUES (3,8,50);Insert into AvailableIngredients VALUES (3,9,41);Insert into AvailableIngredients VALUES (3,10,20);Insert into AvailableIngredients VALUES (3,11,11);Insert into AvailableIngredients VALUES (3,12,16);Insert into AvailableIngredients VALUES (3,13,40);Insert into AvailableIngredients VALUES (3,14,39);Insert into AvailableIngredients VALUES (3,15,6);Insert into AvailableIngredients VALUES (3,16,32);Insert into AvailableIngredients VALUES (3,17,0);Insert into AvailableIngredients VALUES (3,18,42);Insert into AvailableIngredients VALUES (3,19,21);Insert into AvailableIngredients VALUES (3,20,29);Insert into AvailableIngredients VALUES (3,21,32);Insert into AvailableIngredients VALUES (3,22,27);Insert into AvailableIngredients VALUES (3,23,42);Insert into AvailableIngredients VALUES (3,24,45);Insert into AvailableIngredients VALUES (3,25,27);Insert into AvailableIngredients VALUES (3,26,47);Insert into AvailableIngredients VALUES (3,27,4);Insert into AvailableIngredients VALUES (3,28,0);Insert into AvailableIngredients VALUES (3,29,16);Insert into AvailableIngredients VALUES (3,30,47);Insert into AvailableIngredients VALUES (3,31,31);Insert into AvailableIngredients VALUES (3,32,39);Insert into AvailableIngredients VALUES (3,33,22);Insert into AvailableIngredients VALUES (3,34,16);Insert into AvailableIngredients VALUES (4,1,43);Insert into AvailableIngredients VALUES (4,2,36);Insert into AvailableIngredients VALUES (4,3,22);Insert into AvailableIngredients VALUES (4,4,32);Insert into AvailableIngredients VALUES (4,5,49);Insert into AvailableIngredients VALUES (4,6,34);Insert into AvailableIngredients VALUES (4,7,20);Insert into AvailableIngredients VALUES (4,8,17);Insert into AvailableIngredients VALUES (4,9,21);Insert into AvailableIngredients VALUES (4,10,2);Insert into AvailableIngredients VALUES (4,11,10);Insert into AvailableIngredients VALUES (4,12,6);Insert into AvailableIngredients VALUES (4,13,6);Insert into AvailableIngredients VALUES (4,14,31);Insert into AvailableIngredients VALUES (4,15,2);Insert into AvailableIngredients VALUES (4,16,28);Insert into AvailableIngredients VALUES (4,17,40);Insert into AvailableIngredients VALUES (4,18,36);Insert into AvailableIngredients VALUES (4,19,25);Insert into AvailableIngredients VALUES (4,20,21);Insert into AvailableIngredients VALUES (4,21,14);Insert into AvailableIngredients VALUES (4,22,9);Insert into AvailableIngredients VALUES (4,23,40);Insert into AvailableIngredients VALUES (4,24,9);Insert into AvailableIngredients VALUES (4,25,43);Insert into AvailableIngredients VALUES (4,26,20);Insert into AvailableIngredients VALUES (4,27,9);Insert into AvailableIngredients VALUES (4,28,19);Insert into AvailableIngredients VALUES (4,29,9);Insert into AvailableIngredients VALUES (4,30,5);Insert into AvailableIngredients VALUES (4,31,13);Insert into AvailableIngredients VALUES (4,32,40);Insert into AvailableIngredients VALUES (4,33,39);Insert into AvailableIngredients VALUES (4,34,39);Insert into AvailableIngredients VALUES (5,1,20);Insert into AvailableIngredients VALUES (5,2,9);Insert into AvailableIngredients VALUES (5,3,15);Insert into AvailableIngredients VALUES (5,4,0);Insert into AvailableIngredients VALUES (5,5,10);Insert into AvailableIngredients VALUES (5,6,46);Insert into AvailableIngredients VALUES (5,7,0);Insert into AvailableIngredients VALUES (5,8,4);Insert into AvailableIngredients VALUES (5,9,18);Insert into AvailableIngredients VALUES (5,10,26);Insert into AvailableIngredients VALUES (5,11,24);Insert into AvailableIngredients VALUES (5,12,0);Insert into AvailableIngredients VALUES (5,13,38);Insert into AvailableIngredients VALUES (5,14,36);Insert into AvailableIngredients VALUES (5,15,3);Insert into AvailableIngredients VALUES (5,16,19);Insert into AvailableIngredients VALUES (5,17,28);Insert into AvailableIngredients VALUES (5,18,6);Insert into AvailableIngredients VALUES (5,19,40);Insert into AvailableIngredients VALUES (5,20,20);Insert into AvailableIngredients VALUES (5,21,43);Insert into AvailableIngredients VALUES (5,22,38);Insert into AvailableIngredients VALUES (5,23,26);Insert into AvailableIngredients VALUES (5,24,42);Insert into AvailableIngredients VALUES (5,25,41);Insert into AvailableIngredients VALUES (5,26,42);Insert into AvailableIngredients VALUES (5,27,33);Insert into AvailableIngredients VALUES (5,28,33);Insert into AvailableIngredients VALUES (5,29,19);Insert into AvailableIngredients VALUES (5,30,37);Insert into AvailableIngredients VALUES (5,31,22);Insert into AvailableIngredients VALUES (5,32,47);Insert into AvailableIngredients VALUES (5,33,14);Insert into AvailableIngredients VALUES (5,34,16);Insert into AvailableIngredients VALUES (6,1,11);Insert into AvailableIngredients VALUES (6,2,42);Insert into AvailableIngredients VALUES (6,3,17);Insert into AvailableIngredients VALUES (6,4,36);Insert into AvailableIngredients VALUES (6,5,50);Insert into AvailableIngredients VALUES (6,6,28);Insert into AvailableIngredients VALUES (6,7,12);Insert into AvailableIngredients VALUES (6,8,9);Insert into AvailableIngredients VALUES (6,9,40);Insert into AvailableIngredients VALUES (6,10,16);Insert into AvailableIngredients VALUES (6,11,4);Insert into AvailableIngredients VALUES (6,12,46);Insert into AvailableIngredients VALUES (6,13,5);Insert into AvailableIngredients VALUES (6,14,5);Insert into AvailableIngredients VALUES (6,15,36);Insert into AvailableIngredients VALUES (6,16,20);Insert into AvailableIngredients VALUES (6,17,47);Insert into AvailableIngredients VALUES (6,18,15);Insert into AvailableIngredients VALUES (6,19,48);Insert into AvailableIngredients VALUES (6,20,15);Insert into AvailableIngredients VALUES (6,21,20);Insert into AvailableIngredients VALUES (6,22,30);Insert into AvailableIngredients VALUES (6,23,36);Insert into AvailableIngredients VALUES (6,24,25);Insert into AvailableIngredients VALUES (6,25,49);Insert into AvailableIngredients VALUES (6,26,5);Insert into AvailableIngredients VALUES (6,27,33);Insert into AvailableIngredients VALUES (6,28,43);Insert into AvailableIngredients VALUES (6,29,6);Insert into AvailableIngredients VALUES (6,30,10);Insert into AvailableIngredients VALUES (6,31,41);Insert into AvailableIngredients VALUES (6,32,47);Insert into AvailableIngredients VALUES (6,33,17);Insert into AvailableIngredients VALUES (6,34,15);Insert into AvailableIngredients VALUES (7,1,43);Insert into AvailableIngredients VALUES (7,2,47);Insert into AvailableIngredients VALUES (7,3,32);Insert into AvailableIngredients VALUES (7,4,46);Insert into AvailableIngredients VALUES (7,5,1);Insert into AvailableIngredients VALUES (7,6,2);Insert into AvailableIngredients VALUES (7,7,46);Insert into AvailableIngredients VALUES (7,8,48);Insert into AvailableIngredients VALUES (7,9,50);Insert into AvailableIngredients VALUES (7,10,19);Insert into AvailableIngredients VALUES (7,11,39);Insert into AvailableIngredients VALUES (7,12,38);Insert into AvailableIngredients VALUES (7,13,31);Insert into AvailableIngredients VALUES (7,14,28);Insert into AvailableIngredients VALUES (7,15,49);Insert into AvailableIngredients VALUES (7,16,5);Insert into AvailableIngredients VALUES (7,17,43);Insert into AvailableIngredients VALUES (7,18,12);Insert into AvailableIngredients VALUES (7,19,50);Insert into AvailableIngredients VALUES (7,20,16);Insert into AvailableIngredients VALUES (7,21,18);Insert into AvailableIngredients VALUES (7,22,18);Insert into AvailableIngredients VALUES (7,23,25);Insert into AvailableIngredients VALUES (7,24,37);Insert into AvailableIngredients VALUES (7,25,24);Insert into AvailableIngredients VALUES (7,26,40);Insert into AvailableIngredients VALUES (7,27,39);Insert into AvailableIngredients VALUES (7,28,12);Insert into AvailableIngredients VALUES (7,29,42);Insert into AvailableIngredients VALUES (7,30,4);Insert into AvailableIngredients VALUES (7,31,16);Insert into AvailableIngredients VALUES (7,32,45);Insert into AvailableIngredients VALUES (7,33,17);Insert into AvailableIngredients VALUES (7,34,11);Insert into AvailableIngredients VALUES (8,1,1);Insert into AvailableIngredients VALUES (8,2,5);Insert into AvailableIngredients VALUES (8,3,44);Insert into AvailableIngredients VALUES (8,4,48);Insert into AvailableIngredients VALUES (8,5,10);Insert into AvailableIngredients VALUES (8,6,13);Insert into AvailableIngredients VALUES (8,7,13);Insert into AvailableIngredients VALUES (8,8,14);Insert into AvailableIngredients VALUES (8,9,9);Insert into AvailableIngredients VALUES (8,10,27);Insert into AvailableIngredients VALUES (8,11,50);Insert into AvailableIngredients VALUES (8,12,30);Insert into AvailableIngredients VALUES (8,13,15);Insert into AvailableIngredients VALUES (8,14,14);Insert into AvailableIngredients VALUES (8,15,5);Insert into AvailableIngredients VALUES (8,16,34);Insert into AvailableIngredients VALUES (8,17,15);Insert into AvailableIngredients VALUES (8,18,17);Insert into AvailableIngredients VALUES (8,19,18);Insert into AvailableIngredients VALUES (8,20,44);Insert into AvailableIngredients VALUES (8,21,48);Insert into AvailableIngredients VALUES (8,22,21);Insert into AvailableIngredients VALUES (8,23,33);Insert into AvailableIngredients VALUES (8,24,41);Insert into AvailableIngredients VALUES (8,25,41);Insert into AvailableIngredients VALUES (8,26,28);Insert into AvailableIngredients VALUES (8,27,38);Insert into AvailableIngredients VALUES (8,28,42);Insert into AvailableIngredients VALUES (8,29,40);Insert into AvailableIngredients VALUES (8,30,5);Insert into AvailableIngredients VALUES (8,31,24);Insert into AvailableIngredients VALUES (8,32,40);Insert into AvailableIngredients VALUES (8,33,41);Insert into AvailableIngredients VALUES (8,34,29);Insert into AvailableIngredients VALUES (9,1,43);Insert into AvailableIngredients VALUES (9,2,50);Insert into AvailableIngredients VALUES (9,3,2);Insert into AvailableIngredients VALUES (9,4,4);Insert into AvailableIngredients VALUES (9,5,38);Insert into AvailableIngredients VALUES (9,6,38);Insert into AvailableIngredients VALUES (9,7,6);Insert into AvailableIngredients VALUES (9,8,0);Insert into AvailableIngredients VALUES (9,9,44);Insert into AvailableIngredients VALUES (9,10,7);Insert into AvailableIngredients VALUES (9,11,1);Insert into AvailableIngredients VALUES (9,12,11);Insert into AvailableIngredients VALUES (9,13,5);Insert into AvailableIngredients VALUES (9,14,15);Insert into AvailableIngredients VALUES (9,15,14);Insert into AvailableIngredients VALUES (9,16,1);Insert into AvailableIngredients VALUES (9,17,2);Insert into AvailableIngredients VALUES (9,18,18);Insert into AvailableIngredients VALUES (9,19,9);Insert into AvailableIngredients VALUES (9,20,6);Insert into AvailableIngredients VALUES (9,21,50);Insert into AvailableIngredients VALUES (9,22,32);Insert into AvailableIngredients VALUES (9,23,45);Insert into AvailableIngredients VALUES (9,24,8);Insert into AvailableIngredients VALUES (9,25,26);Insert into AvailableIngredients VALUES (9,26,48);Insert into AvailableIngredients VALUES (9,27,30);Insert into AvailableIngredients VALUES (9,28,46);Insert into AvailableIngredients VALUES (9,29,41);Insert into AvailableIngredients VALUES (9,30,27);Insert into AvailableIngredients VALUES (9,31,27);Insert into AvailableIngredients VALUES (9,32,4);Insert into AvailableIngredients VALUES (9,33,39);Insert into AvailableIngredients VALUES (9,34,25);Insert into AvailableIngredients VALUES (10,1,22);Insert into AvailableIngredients VALUES (10,2,32);Insert into AvailableIngredients VALUES (10,3,32);Insert into AvailableIngredients VALUES (10,4,30);Insert into AvailableIngredients VALUES (10,5,16);Insert into AvailableIngredients VALUES (10,6,26);Insert into AvailableIngredients VALUES (10,7,49);Insert into AvailableIngredients VALUES (10,8,26);Insert into AvailableIngredients VALUES (10,9,31);Insert into AvailableIngredients VALUES (10,10,36);Insert into AvailableIngredients VALUES (10,11,24);Insert into AvailableIngredients VALUES (10,12,24);Insert into AvailableIngredients VALUES (10,13,15);Insert into AvailableIngredients VALUES (10,14,48);Insert into AvailableIngredients VALUES (10,15,28);Insert into AvailableIngredients VALUES (10,16,44);Insert into AvailableIngredients VALUES (10,17,37);Insert into AvailableIngredients VALUES (10,18,5);Insert into AvailableIngredients VALUES (10,19,29);Insert into AvailableIngredients VALUES (10,20,30);Insert into AvailableIngredients VALUES (10,21,28);Insert into AvailableIngredients VALUES (10,22,25);Insert into AvailableIngredients VALUES (10,23,16);Insert into AvailableIngredients VALUES (10,24,21);Insert into AvailableIngredients VALUES (10,25,9);Insert into AvailableIngredients VALUES (10,26,6);Insert into AvailableIngredients VALUES (10,27,21);Insert into AvailableIngredients VALUES (10,28,47);Insert into AvailableIngredients VALUES (10,29,4);Insert into AvailableIngredients VALUES (10,30,49);Insert into AvailableIngredients VALUES (10,31,15);Insert into AvailableIngredients VALUES (10,32,31);Insert into AvailableIngredients VALUES (10,33,22);Insert into AvailableIngredients VALUES (10,34,43);Insert into IngredientMeasurement VALUES (1,8,2,1);Insert into IngredientMeasurement VALUES (1,5,1,2);Insert into IngredientMeasurement VALUES (1,10,8,2);Insert into IngredientMeasurement VALUES (1,30,8,2);Insert into IngredientMeasurement VALUES (1,3,5,1);Insert into IngredientMeasurement VALUES (1,9,2,5);Insert into IngredientMeasurement VALUES (2,7,6,1);Insert into IngredientMeasurement VALUES (2,10,6,3);Insert into IngredientMeasurement VALUES (2,3,8,3);Insert into IngredientMeasurement VALUES (2,23,4,4);Insert into IngredientMeasurement VALUES (3,20,8,5);Insert into IngredientMeasurement VALUES (3,8,8,2);Insert into IngredientMeasurement VALUES (3,26,8,4);Insert into IngredientMeasurement VALUES (3,25,4,4);Insert into IngredientMeasurement VALUES (3,16,5,3);Insert into IngredientMeasurement VALUES (4,6,5,5);Insert into IngredientMeasurement VALUES (4,11,7,2);Insert into IngredientMeasurement VALUES (4,13,8,2);Insert into IngredientMeasurement VALUES (4,32,4,1);Insert into IngredientMeasurement VALUES (4,23,5,3);Insert into IngredientMeasurement VALUES (4,8,7,2);Insert into IngredientMeasurement VALUES (4,3,2,1);Insert into IngredientMeasurement VALUES (5,15,1,5);Insert into IngredientMeasurement VALUES (5,9,8,1);Insert into IngredientMeasurement VALUES (5,34,8,3);Insert into IngredientMeasurement VALUES (5,28,1,3);Insert into IngredientMeasurement VALUES (6,25,8,2);Insert into IngredientMeasurement VALUES (6,5,7,5);Insert into IngredientMeasurement VALUES (7,29,4,1);Insert into IngredientMeasurement VALUES (7,9,5,2);Insert into IngredientMeasurement VALUES (7,25,1,2);Insert into IngredientMeasurement VALUES (7,2,1,2);Insert into IngredientMeasurement VALUES (7,20,8,3);Insert into IngredientMeasurement VALUES (7,21,6,1);Insert into IngredientMeasurement VALUES (7,19,2,3);Insert into IngredientMeasurement VALUES (8,23,4,1);Insert into IngredientMeasurement VALUES (8,22,4,2);Insert into IngredientMeasurement VALUES (8,6,8,3);Insert into IngredientMeasurement VALUES (8,35,6,1);Insert into IngredientMeasurement VALUES (8,18,8,3);Insert into IngredientMeasurement VALUES (8,24,6,4);Insert into IngredientMeasurement VALUES (9,26,4,2);Insert into IngredientMeasurement VALUES (9,28,6,3);Insert into IngredientMeasurement VALUES (9,11,5,4);Insert into IngredientMeasurement VALUES (9,14,3,2);Insert into IngredientMeasurement VALUES (9,18,8,5);Insert into IngredientMeasurement VALUES (10,16,2,4);Insert into IngredientMeasurement VALUES (10,4,1,3);Insert into IngredientMeasurement VALUES (10,22,4,5);Insert into IngredientMeasurement VALUES (10,12,8,2);Insert into IngredientMeasurement VALUES (11,28,5,3);Insert into IngredientMeasurement VALUES (12,5,1,3);Insert into IngredientMeasurement VALUES (12,1,6,1);Insert into IngredientMeasurement VALUES (12,19,4,1);Insert into IngredientMeasurement VALUES (12,2,2,3);Insert into IngredientMeasurement VALUES (13,22,4,3);Insert into IngredientMeasurement VALUES (13,32,3,4);Insert into IngredientMeasurement VALUES (13,31,4,1);Insert into IngredientMeasurement VALUES (13,4,1,2);Insert into IngredientMeasurement VALUES (13,10,1,4);Insert into IngredientMeasurement VALUES (13,29,4,2);Insert into IngredientMeasurement VALUES (14,11,1,2);Insert into IngredientMeasurement VALUES (14,28,5,3);Insert into IngredientMeasurement VALUES (15,24,4,1);Insert into IngredientMeasurement VALUES (15,21,2,3);Insert into IngredientMeasurement VALUES (15,11,1,2);Insert into IngredientMeasurement VALUES (15,26,2,1);Insert into IngredientMeasurement VALUES (15,31,7,2);Insert into IngredientMeasurement VALUES (15,35,6,2);Insert into IngredientMeasurement VALUES (16,24,2,3);Insert into IngredientMeasurement VALUES (16,4,1,3);Insert into IngredientMeasurement VALUES (17,8,4,4);Insert into IngredientMeasurement VALUES (17,9,3,2);Insert into IngredientMeasurement VALUES (17,32,7,2);Insert into IngredientMeasurement VALUES (17,7,3,2);Insert into IngredientMeasurement VALUES (17,25,5,1);Insert into IngredientMeasurement VALUES (17,13,4,3);Insert into IngredientMeasurement VALUES (18,23,7,4);Insert into IngredientMeasurement VALUES (18,33,8,1);Insert into IngredientMeasurement VALUES (18,13,8,4);Insert into IngredientMeasurement VALUES (18,4,5,3);Insert into IngredientMeasurement VALUES (18,5,1,5);Insert into IngredientMeasurement VALUES (18,25,3,1);Insert into IngredientMeasurement VALUES (18,14,8,3);Insert into IngredientMeasurement VALUES (19,34,1,1);Insert into IngredientMeasurement VALUES (20,20,2,4);Insert into IngredientMeasurement VALUES (20,18,3,3);Insert into IngredientMeasurement VALUES (20,30,6,3);Insert into IngredientMeasurement VALUES (20,7,1,2);Insert into IngredientMeasurement VALUES (20,13,8,2);Insert into IngredientMeasurement VALUES (20,32,7,3);Insert into IngredientMeasurement VALUES (20,16,1,3);Insert into CalorieCount VALUES (1,1422,"kcal");Insert into Meals VALUES (1,1,"Million yourself simply key. Single room final natural subject. May mention window themselves woman boy.","Breakfast",1,1,13);Insert into CalorieCount VALUES (2,2111,"kcal");Insert into Meals VALUES (2,1,"Keep particular nor everyone. Seven stage speak remember huge.","Lunch",4,2,20);Insert into CalorieCount VALUES (3,20,"kcal");Insert into Meals VALUES (3,1,"Business fight prepare she important. Wish push act compare. Car artist fish standard bill.","Dinner",5,3,9);Insert into CalorieCount VALUES (4,1360,"cal");Insert into Meals VALUES (4,1,"Remain director tax central carry. Discover prevent performance style girl.","Breakfast",1,4,11);Insert into CalorieCount VALUES (5,274,"kcal");Insert into Meals VALUES (5,1,"Weight field skin kitchen poor Democrat. Maintain address major sometimes interest partner.","Lunch",1,5,17);Insert into CalorieCount VALUES (6,337,"kcal");Insert into Meals VALUES (6,1,"Month member attorney usually maybe type. Pressure player minute finish water behavior include.","Dinner",4,6,10);Insert into CalorieCount VALUES (7,1519,"cal");Insert into Meals VALUES (7,1,"Alone discussion minute professor lay hot because. Help reason buy spend.","Breakfast",5,7,12);Insert into CalorieCount VALUES (8,1516,"kcal");Insert into Meals VALUES (8,1,"Carry nothing myself represent result. Hundred toward benefit thousand market hotel. Bill action form price.","Lunch",3,8,17);Insert into CalorieCount VALUES (9,676,"kcal");Insert into Meals VALUES (9,1,"Visit show miss partner cut spring remain. Put one allow. Million suggest actually still sea even movie next.","Dinner",3,9,18);Insert into CalorieCount VALUES (10,2169,"kcal");Insert into Meals VALUES (10,1,"Stage time fall item. Benefit bill foreign seek decision we rise. Community can box instead.","Breakfast",1,10,3);Insert into CalorieCount VALUES (11,1273,"cal");Insert into Meals VALUES (11,1,"Anyone control anything human. Affect small choice structure employee.","Lunch",3,11,13);Insert into CalorieCount VALUES (12,1520,"cal");Insert into Meals VALUES (12,1,"Record near example mean night central. Section street tell much. Might today evening central cost well.","Dinner",3,12,20);Insert into CalorieCount VALUES (13,222,"cal");Insert into Meals VALUES (13,1,"Baby blue production father recent. None page over Republican stop.","Breakfast",3,13,13);Insert into CalorieCount VALUES (14,1913,"kcal");Insert into Meals VALUES (14,1,"Road anything future also have. Position four how.","Lunch",3,14,5);Insert into CalorieCount VALUES (15,2108,"kcal");Insert into Meals VALUES (15,1,"Great occur question again pull base. All speak politics section inside situation worker fear. Drop several shoulder catch computer low.","Dinner",3,15,14);Insert into CalorieCount VALUES (16,383,"cal");Insert into Meals VALUES (16,1,"Difference a sell decide top. Democratic beautiful figure meet turn above live.","Breakfast",2,16,2);Insert into CalorieCount VALUES (17,403,"kcal");Insert into Meals VALUES (17,1,"Necessary every tonight wonder particularly arm step. Report region arrive common study policy.","Lunch",3,17,4);Insert into CalorieCount VALUES (18,292,"kcal");Insert into Meals VALUES (18,1,"Safe trouble part difference home environment seek. Still available boy recently notice.","Dinner",2,18,4);Insert into CalorieCount VALUES (19,520,"cal");Insert into Meals VALUES (19,1,"Wear paper truth sense tree. Occur she never leader bank down space. Work nice take bar sea.","Breakfast",1,19,11);Insert into CalorieCount VALUES (20,1434,"cal");Insert into Meals VALUES (20,1,"Where why watch statement. Will study deep treatment inside sure. Congress customer national whole yeah.","Lunch",2,20,1);Insert into CalorieCount VALUES (21,871,"cal");Insert into Meals VALUES (21,1,"Major quite us cover. Me body color wonder training else. Must several market help issue.","Dinner",2,21,13);Insert into CalorieCount VALUES (22,34,"kcal");Insert into Meals VALUES (22,2,"Rate term deep red stand approach. Decide relationship indeed.","Breakfast",4,22,13);Insert into CalorieCount VALUES (23,1504,"cal");Insert into Meals VALUES (23,2,"Group woman spring growth. Go go leader adult whatever.","Lunch",2,23,12);Insert into CalorieCount VALUES (24,1027,"kcal");Insert into Meals VALUES (24,2,"Money care pretty because technology determine nation.","Dinner",5,24,4);Insert into CalorieCount VALUES (25,1661,"kcal");Insert into Meals VALUES (25,2,"Suddenly environmental for two agency. Even value cultural water speak.","Breakfast",1,25,19);Insert into CalorieCount VALUES (26,916,"cal");Insert into Meals VALUES (26,2,"Soon capital national despite do. Especially free necessary ground send brother raise. Tough Democrat gas admit find best.","Lunch",1,26,3);Insert into CalorieCount VALUES (27,13,"cal");Insert into Meals VALUES (27,2,"Book wall traditional good require economic send. Certain natural maintain artist summer on. Fire table six perhaps page.","Dinner",4,27,18);Insert into CalorieCount VALUES (28,566,"cal");Insert into Meals VALUES (28,2,"Son pretty admit energy. Scientist window federal central open. More customer air be during green ball.","Breakfast",4,28,19);Insert into CalorieCount VALUES (29,542,"cal");Insert into Meals VALUES (29,2,"News standard himself impact could word. Worry bad letter interest.","Lunch",1,29,6);Insert into CalorieCount VALUES (30,93,"cal");Insert into Meals VALUES (30,2,"Free check determine why arm explain. Push play foot son.","Dinner",3,30,16);Insert into CalorieCount VALUES (31,2097,"kcal");Insert into Meals VALUES (31,2,"Sense on these create she food mean. Mr success radio other admit name campaign. Process less director myself thus manage.","Breakfast",3,31,19);Insert into CalorieCount VALUES (32,187,"cal");Insert into Meals VALUES (32,2,"Fill wait south long nice sea including. Surface citizen spend together believe leave meeting. Through specific entire recently event.","Lunch",1,32,4);Insert into CalorieCount VALUES (33,1651,"cal");Insert into Meals VALUES (33,2,"Agreement hospital discuss room. Bank interest prepare surface successful improve.","Dinner",2,33,10);Insert into CalorieCount VALUES (34,440,"kcal");Insert into Meals VALUES (34,2,"Past medical finish trouble protect.","Breakfast",3,34,20);Insert into CalorieCount VALUES (35,761,"cal");Insert into Meals VALUES (35,2,"Learn a role seek kitchen. Government later professional anyone everybody year too.","Lunch",4,35,10);Insert into CalorieCount VALUES (36,1486,"cal");Insert into Meals VALUES (36,2,"Culture series year attack power memory field. Drive way right role ability. Growth hope chance decide after reach animal.","Dinner",5,36,15);Insert into CalorieCount VALUES (37,1642,"kcal");Insert into Meals VALUES (37,2,"Sport population prevent tough his standard among need. Indicate institution now outside night conference. Movement bill respond perhaps full at card.","Breakfast",2,37,9);Insert into CalorieCount VALUES (38,2087,"kcal");Insert into Meals VALUES (38,2,"A carry three including perhaps yes. Throw reason suddenly direction. School college discussion to Mrs boy stage. Throughout leg environment side.","Lunch",5,38,8);Insert into CalorieCount VALUES (39,446,"cal");Insert into Meals VALUES (39,2,"Tree sea concern mouth. Defense letter left public hospital.","Dinner",2,39,17);Insert into CalorieCount VALUES (40,1832,"kcal");Insert into Meals VALUES (40,2,"First such lay no. Story provide range fall place cup a run.","Breakfast",3,40,4);Insert into CalorieCount VALUES (41,1170,"cal");Insert into Meals VALUES (41,2,"Southern somebody plan fly produce office power create. Leader very perform wind represent mouth time authority. Market Mr dinner public last next type.","Lunch",4,41,2);Insert into CalorieCount VALUES (42,1843,"cal");Insert into Meals VALUES (42,2,"Pay respond traditional civil table image concern each. Owner agree Republican statement box bit.","Dinner",3,42,15);Insert into CalorieCount VALUES (43,1683,"cal");Insert into Meals VALUES (43,3,"Activity treat position manager table black. Range crime nice little to. Experience work back home.","Breakfast",4,43,13);Insert into CalorieCount VALUES (44,1940,"cal");Insert into Meals VALUES (44,3,"Agency building common scene crime. President listen technology eye.","Lunch",5,44,11);Insert into CalorieCount VALUES (45,859,"cal");Insert into Meals VALUES (45,3,"Write will must travel may. Wear up figure expect.","Dinner",2,45,12);Insert into CalorieCount VALUES (46,110,"cal");Insert into Meals VALUES (46,3,"Force difficult forward learn practice mission necessary. Machine data issue federal building society.","Breakfast",3,46,4);Insert into CalorieCount VALUES (47,538,"cal");Insert into Meals VALUES (47,3,"Together information score goal. Forward summer morning forget.","Lunch",5,47,2);Insert into CalorieCount VALUES (48,2222,"kcal");Insert into Meals VALUES (48,3,"Stock art soon tough old. Range space ever attack. Bed mouth nature beautiful because letter.","Dinner",4,48,1);Insert into CalorieCount VALUES (49,2092,"kcal");Insert into Meals VALUES (49,3,"Medical foreign its hair if them necessary. Little grow dinner believe race partner society dark. Lawyer anything him maybe head brother poor small.","Breakfast",2,49,14);Insert into CalorieCount VALUES (50,1554,"kcal");Insert into Meals VALUES (50,3,"Think report down movie structure animal less catch. Whatever capital attack onto protect government. Once majority build travel spend system.","Lunch",3,50,11);Insert into CalorieCount VALUES (51,175,"cal");Insert into Meals VALUES (51,3,"May born four modern thing. Ago require customer take eye.","Dinner",2,51,1);Insert into CalorieCount VALUES (52,445,"cal");Insert into Meals VALUES (52,3,"From avoid carry bring city. Maintain near shoulder would. Computer movement old recently.","Breakfast",4,52,20);Insert into CalorieCount VALUES (53,1528,"cal");Insert into Meals VALUES (53,3,"Table guy tell every argue. Tax offer of people.","Lunch",1,53,2);Insert into CalorieCount VALUES (54,1872,"kcal");Insert into Meals VALUES (54,3,"Start spend fight from member. Keep season describe follow plant major theory.","Dinner",4,54,9);Insert into CalorieCount VALUES (55,2139,"cal");Insert into Meals VALUES (55,3,"Someone page prepare couple. Air his list necessary.","Breakfast",5,55,8);Insert into CalorieCount VALUES (56,1017,"cal");Insert into Meals VALUES (56,3,"Everyone evening believe. Effort deep condition detail despite.","Lunch",1,56,11);Insert into CalorieCount VALUES (57,438,"kcal");Insert into Meals VALUES (57,3,"Me grow fact shoulder finish finish. Technology policy chance back blue. Poor available almost beyond key.","Dinner",2,57,4);Insert into CalorieCount VALUES (58,378,"kcal");Insert into Meals VALUES (58,3,"Although market site certainly court believe. Dream economy meeting scene senior really operation area. Experience wall floor.","Breakfast",3,58,3);Insert into CalorieCount VALUES (59,1740,"kcal");Insert into Meals VALUES (59,3,"Local become in class. Particular bag help machine my collection onto leader.","Lunch",1,59,11);Insert into CalorieCount VALUES (60,2004,"cal");Insert into Meals VALUES (60,3,"Hold clear small nothing. Low religious eat particular pressure character international. Hundred direction old condition radio.","Dinner",3,60,4);Insert into CalorieCount VALUES (61,2067,"cal");Insert into Meals VALUES (61,3,"Western meet season make great move it. Clearly fall former work. Evidence between key produce.","Breakfast",1,61,2);Insert into CalorieCount VALUES (62,1069,"kcal");Insert into Meals VALUES (62,3,"Simple unit central sure source possible plan. Top western nature.","Lunch",3,62,6);Insert into CalorieCount VALUES (63,1463,"kcal");Insert into Meals VALUES (63,3,"Capital project bit each speech door figure attorney.","Dinner",2,63,8);Insert into CalorieCount VALUES (64,1155,"kcal");Insert into Meals VALUES (64,4,"Increase play thus shoulder. Hit discuss let none senior. All trip car garden suggest strong nation.","Breakfast",1,64,1);Insert into CalorieCount VALUES (65,2054,"cal");Insert into Meals VALUES (65,4,"Great last statement arrive suffer. Medical movie will way. Mr ago song buy. Water so until court economic lead because.","Lunch",4,65,1);Insert into CalorieCount VALUES (66,100,"cal");Insert into Meals VALUES (66,4,"Coach still year head. Determine most senior drive million score less service.","Dinner",5,66,11);Insert into CalorieCount VALUES (67,1078,"kcal");Insert into Meals VALUES (67,4,"Television detail because manager. Push answer right address. Thousand no law serious sit.","Breakfast",5,67,4);Insert into CalorieCount VALUES (68,31,"kcal");Insert into Meals VALUES (68,4,"Great they sister special majority station. Positive bad successful record understand finish.","Lunch",2,68,14);Insert into CalorieCount VALUES (69,2114,"kcal");Insert into Meals VALUES (69,4,"Official future rate. Seven part leader identify answer happy action. Learn someone possible from.","Dinner",3,69,10);Insert into CalorieCount VALUES (70,893,"kcal");Insert into Meals VALUES (70,4,"Now bar not middle. Great may song occur. Indeed develop always wish here without west skill.","Breakfast",1,70,19);Insert into CalorieCount VALUES (71,465,"kcal");Insert into Meals VALUES (71,4,"Carry speak direction safe work when near even.","Lunch",4,71,14);Insert into CalorieCount VALUES (72,611,"kcal");Insert into Meals VALUES (72,4,"Indicate idea analysis myself. Despite close owner instead.","Dinner",3,72,4);Insert into CalorieCount VALUES (73,967,"kcal");Insert into Meals VALUES (73,4,"Economy plan but scientist charge consider. Property city price. Think start must citizen decade nation community.","Breakfast",2,73,2);Insert into CalorieCount VALUES (74,2157,"cal");Insert into Meals VALUES (74,4,"Stock memory case chance. Tell fly leader attorney hit PM student see.","Lunch",2,74,16);Insert into CalorieCount VALUES (75,1294,"kcal");Insert into Meals VALUES (75,4,"Check attorney system body. Almost care trip dark require artist ask debate. Pass bad career any college particular so second.","Dinner",4,75,18);Insert into CalorieCount VALUES (76,215,"cal");Insert into Meals VALUES (76,4,"Local most say morning far challenge. Base price unit tough herself around.","Breakfast",4,76,19);Insert into CalorieCount VALUES (77,1966,"cal");Insert into Meals VALUES (77,4,"Interesting opportunity movement economic everything. Return owner late onto decade wind. Life specific surface manager country light people.","Lunch",1,77,18);Insert into CalorieCount VALUES (78,1909,"kcal");Insert into Meals VALUES (78,4,"Mean full cause. Company score fire school order key. Plant cover admit identify apply brother.","Dinner",5,78,7);Insert into CalorieCount VALUES (79,1682,"cal");Insert into Meals VALUES (79,4,"Return certainly positive represent public TV seek. Their suddenly energy such baby sister.","Breakfast",1,79,7);Insert into CalorieCount VALUES (80,840,"kcal");Insert into Meals VALUES (80,4,"Population say always public reduce nature. Practice meeting most.","Lunch",2,80,17);Insert into CalorieCount VALUES (81,2243,"kcal");Insert into Meals VALUES (81,4,"Add door meeting firm yes model. Father administration anyone different usually population.","Dinner",5,81,1);Insert into CalorieCount VALUES (82,351,"cal");Insert into Meals VALUES (82,4,"Any again network rich read peace popular. Star capital policy suggest really.","Breakfast",1,82,5);Insert into CalorieCount VALUES (83,1923,"cal");Insert into Meals VALUES (83,4,"Answer I doctor issue their. Site should thought agent subject among. Help leg approach else.","Lunch",3,83,9);Insert into CalorieCount VALUES (84,1227,"kcal");Insert into Meals VALUES (84,4,"Fund feeling training expert investment phone. Sure all even eye feel.","Dinner",5,84,16);Insert into CalorieCount VALUES (85,1175,"cal");Insert into Meals VALUES (85,5,"Feel west computer Democrat develop station. Set area ready require blue speech.","Breakfast",3,85,10);Insert into CalorieCount VALUES (86,377,"kcal");Insert into Meals VALUES (86,5,"Box upon her hope mention type. Enough represent many.","Lunch",2,86,11);Insert into CalorieCount VALUES (87,498,"kcal");Insert into Meals VALUES (87,5,"Game player serious. Memory PM doctor mention reflect behind.","Dinner",2,87,20);Insert into CalorieCount VALUES (88,1999,"cal");Insert into Meals VALUES (88,5,"Student edge collection project clearly drive. Or paper fire blood.","Breakfast",5,88,7);Insert into CalorieCount VALUES (89,1751,"kcal");Insert into Meals VALUES (89,5,"Dream conference and create exactly south outside. Not sound dinner seven.","Lunch",1,89,15);Insert into CalorieCount VALUES (90,559,"kcal");Insert into Meals VALUES (90,5,"Current near former girl ahead. Color type great environment attorney.","Dinner",3,90,8);Insert into CalorieCount VALUES (91,1488,"cal");Insert into Meals VALUES (91,5,"Door experience far budget line among role. Yet run nearly lead. Experience character take our fear to.","Breakfast",2,91,3);Insert into CalorieCount VALUES (92,2235,"kcal");Insert into Meals VALUES (92,5,"Can large hope share wind laugh. Minute drop want stock.","Lunch",5,92,9);Insert into CalorieCount VALUES (93,862,"kcal");Insert into Meals VALUES (93,5,"Nearly girl teach wear. Beyond see cause control nation situation. Around sound war second next trade. Seven throughout rule.","Dinner",2,93,16);Insert into CalorieCount VALUES (94,306,"cal");Insert into Meals VALUES (94,5,"Base only human for clearly miss prevent. Myself wind everyone hope could difference if.","Breakfast",3,94,14);Insert into CalorieCount VALUES (95,1393,"kcal");Insert into Meals VALUES (95,5,"Analysis say beautiful professor. Week report cell white couple decision successful.","Lunch",1,95,5);Insert into CalorieCount VALUES (96,1059,"cal");Insert into Meals VALUES (96,5,"Pay wrong citizen during old mouth close. Involve class art teach enjoy eat talk. Reflect off various feel.","Dinner",3,96,11);Insert into CalorieCount VALUES (97,604,"cal");Insert into Meals VALUES (97,5,"Account believe last boy television others college. Wait interesting six which institution main. Media natural event Mr war stay minute.","Breakfast",4,97,4);Insert into CalorieCount VALUES (98,1321,"cal");Insert into Meals VALUES (98,5,"Rest team cultural both pay bill might. Institution require Congress parent. Message region pass human boy human since.","Lunch",5,98,17);Insert into CalorieCount VALUES (99,1702,"cal");Insert into Meals VALUES (99,5,"Forward fall now behavior Democrat pattern. Effort baby standard game leg.","Dinner",3,99,14);Insert into CalorieCount VALUES (100,1986,"kcal");Insert into Meals VALUES (100,5,"Also stand option against box prevent describe. Race subject occur institution which. Machine ever fast place.","Breakfast",5,100,19);Insert into CalorieCount VALUES (101,555,"cal");Insert into Meals VALUES (101,5,"Change reveal off pass improve present. Today place bill degree teach. Still real time politics exactly.","Lunch",3,101,18);Insert into CalorieCount VALUES (102,2148,"cal");Insert into Meals VALUES (102,5,"Admit couple rise task group. Think wait could up.","Dinner",4,102,9);Insert into CalorieCount VALUES (103,1867,"kcal");Insert into Meals VALUES (103,5,"Respond loss force. Usually chair interesting result kid Mrs process. Land animal fall section she recent about. Point scene herself summer.","Breakfast",1,103,16);Insert into CalorieCount VALUES (104,606,"cal");Insert into Meals VALUES (104,5,"Discussion image these civil often. College space simple set effort. Challenge his early agreement owner central spring.","Lunch",1,104,20);Insert into CalorieCount VALUES (105,101,"cal");Insert into Meals VALUES (105,5,"Make no fact should none we. After grow each adult scene cup kid. Others front when one none message about.","Dinner",5,105,8);Insert into CalorieCount VALUES (106,1011,"cal");Insert into Meals VALUES (106,6,"Student material green do agent rest industry outside. Low religious I truth skill type. Call gas audience green pressure election.","Breakfast",3,106,9);Insert into CalorieCount VALUES (107,1954,"cal");Insert into Meals VALUES (107,6,"Customer woman season project matter.","Lunch",2,107,15);Insert into CalorieCount VALUES (108,2088,"cal");Insert into Meals VALUES (108,6,"Upon road final sell. Necessary environmental again compare.","Dinner",2,108,19);Insert into CalorieCount VALUES (109,1003,"cal");Insert into Meals VALUES (109,6,"Four because remember knowledge eight light future. Less truth level owner strategy happen.","Breakfast",5,109,7);Insert into CalorieCount VALUES (110,1235,"kcal");Insert into Meals VALUES (110,6,"Despite eat add involve near recent game. Off rock exactly particular own thing standard. Always claim raise risk onto. Box director program method energy.","Lunch",1,110,15);Insert into CalorieCount VALUES (111,674,"kcal");Insert into Meals VALUES (111,6,"Travel investment final by learn. Evening reduce once her enter.","Dinner",4,111,12);Insert into CalorieCount VALUES (112,2245,"cal");Insert into Meals VALUES (112,6,"Style there election check two like support. True east year once represent.","Breakfast",4,112,2);Insert into CalorieCount VALUES (113,1181,"cal");Insert into Meals VALUES (113,6,"Ok shoulder call method foot world final here. Plan leader wear after key scientist within.","Lunch",1,113,13);Insert into CalorieCount VALUES (114,934,"kcal");Insert into Meals VALUES (114,6,"Family open network relate several bar with. Court ago summer itself box even need.","Dinner",4,114,10);Insert into CalorieCount VALUES (115,1693,"kcal");Insert into Meals VALUES (115,6,"Discuss organization air Mrs. Consider leg garden ahead oil grow everyone lose.","Breakfast",4,115,6);Insert into CalorieCount VALUES (116,1227,"kcal");Insert into Meals VALUES (116,6,"Court movie push break up. Trial play five suggest push effort drug north.","Lunch",2,116,13);Insert into CalorieCount VALUES (117,886,"cal");Insert into Meals VALUES (117,6,"Owner goal practice TV tree. Thank professional good black.","Dinner",5,117,20);Insert into CalorieCount VALUES (118,92,"cal");Insert into Meals VALUES (118,6,"Generation Democrat like attorney stage imagine show. Assume method according throughout store everyone.","Breakfast",4,118,20);Insert into CalorieCount VALUES (119,329,"cal");Insert into Meals VALUES (119,6,"Fill season police born he require democratic. Think computer myself education someone total. Describe against also push discussion interest white.","Lunch",2,119,17);Insert into CalorieCount VALUES (120,1494,"kcal");Insert into Meals VALUES (120,6,"Free section story answer on memory. Camera human another need charge environmental.","Dinner",1,120,6);Insert into CalorieCount VALUES (121,1703,"cal");Insert into Meals VALUES (121,6,"Side trade probably marriage news. No person foot recent major.","Breakfast",5,121,14);Insert into CalorieCount VALUES (122,1036,"cal");Insert into Meals VALUES (122,6,"Worker TV store the dream. Heart go anyone concern talk.","Lunch",3,122,14);Insert into CalorieCount VALUES (123,253,"kcal");Insert into Meals VALUES (123,6,"Around suffer science cultural. Best size first drop hold take decade discuss. However stock dream lay.","Dinner",5,123,20);Insert into CalorieCount VALUES (124,1499,"cal");Insert into Meals VALUES (124,6,"Tend military candidate enough. Carry room remember face value administration especially process.","Breakfast",5,124,14);Insert into CalorieCount VALUES (125,1509,"cal");Insert into Meals VALUES (125,6,"Culture task maybe. Allow cultural join forward significant. Treat term case police can.","Lunch",3,125,14);Insert into CalorieCount VALUES (126,1712,"kcal");Insert into Meals VALUES (126,6,"American father affect mean issue man cultural. Performance material quite point summer culture.","Dinner",3,126,8);Insert into CalorieCount VALUES (127,873,"cal");Insert into Meals VALUES (127,7,"Often relate lot who effect. Behind cause health game enough benefit sell notice.","Breakfast",2,127,1);Insert into CalorieCount VALUES (128,1218,"kcal");Insert into Meals VALUES (128,7,"Drug throughout size end require former peace. Yourself allow chance cold ever.","Lunch",2,128,16);Insert into CalorieCount VALUES (129,1919,"cal");Insert into Meals VALUES (129,7,"For adult mean only expect. Yourself huge teacher conference all hand. Hold night about group hit almost.","Dinner",3,129,8);Insert into CalorieCount VALUES (130,2025,"kcal");Insert into Meals VALUES (130,7,"Theory benefit short TV opportunity. Can relate thus statement memory.","Breakfast",4,130,9);Insert into CalorieCount VALUES (131,1462,"kcal");Insert into Meals VALUES (131,7,"Let hard like according contain. Cause contain activity painting bad themselves PM. Even speech herself involve challenge firm figure.","Lunch",4,131,5);Insert into CalorieCount VALUES (132,1688,"kcal");Insert into Meals VALUES (132,7,"Play notice together poor bill. Central success total do moment thus. Everything center while talk teach class nor.","Dinner",2,132,4);Insert into CalorieCount VALUES (133,969,"kcal");Insert into Meals VALUES (133,7,"Describe on wall participant ever floor senior. Mind choice score example author may. Start range responsibility floor or.","Breakfast",2,133,6);Insert into CalorieCount VALUES (134,721,"cal");Insert into Meals VALUES (134,7,"Dinner building song reality. Dinner look I actually ten.","Lunch",5,134,7);Insert into CalorieCount VALUES (135,2022,"cal");Insert into Meals VALUES (135,7,"Wait sport help city generation billion deep. Tree moment admit message. Rest any audience staff white various.","Dinner",4,135,4);Insert into CalorieCount VALUES (136,1055,"kcal");Insert into Meals VALUES (136,7,"This time lawyer particularly stand you. Central support partner would yes.","Breakfast",2,136,16);Insert into CalorieCount VALUES (137,1869,"kcal");Insert into Meals VALUES (137,7,"System daughter left fall magazine require. End kid how reflect bad pass.","Lunch",1,137,3);Insert into CalorieCount VALUES (138,1855,"cal");Insert into Meals VALUES (138,7,"Ground soon method difference sister result.","Dinner",4,138,13);Insert into CalorieCount VALUES (139,1891,"cal");Insert into Meals VALUES (139,7,"Third want world approach. Around agreement focus century left. Smile consider plant wait.","Breakfast",1,139,10);Insert into CalorieCount VALUES (140,1353,"cal");Insert into Meals VALUES (140,7,"Business answer result position responsibility. Turn ever certainly job day.","Lunch",4,140,1);Insert into CalorieCount VALUES (141,246,"cal");Insert into Meals VALUES (141,7,"Budget power us great. Throughout day television million determine.","Dinner",4,141,17);Insert into CalorieCount VALUES (142,1316,"cal");Insert into Meals VALUES (142,7,"Positive record include whether better begin. Or increase worker site serious still policy.","Breakfast",2,142,9);Insert into CalorieCount VALUES (143,83,"kcal");Insert into Meals VALUES (143,7,"Act but piece speak special near involve recently. Quite green example pressure keep. Manager leader another worker answer fire network. Long wear remember especially.","Lunch",5,143,7);Insert into CalorieCount VALUES (144,2162,"cal");Insert into Meals VALUES (144,7,"Likely dinner drive cup. Better however each water very less focus. Perform report former since black.","Dinner",2,144,1);Insert into CalorieCount VALUES (145,1396,"kcal");Insert into Meals VALUES (145,7,"Kitchen return source avoid build listen.","Breakfast",5,145,15);Insert into CalorieCount VALUES (146,1319,"cal");Insert into Meals VALUES (146,7,"By quality pressure read government. Reflect direction professional music inside. Nearly tough east discover bad those with. Much large wait card read including.","Lunch",5,146,2);Insert into CalorieCount VALUES (147,2077,"kcal");Insert into Meals VALUES (147,7,"Investment surface indicate. Remember conference TV.","Dinner",4,147,10);Insert into CalorieCount VALUES (148,2011,"cal");Insert into Meals VALUES (148,8,"Republican song list dream. Feeling accept machine green.","Breakfast",4,148,3);Insert into CalorieCount VALUES (149,968,"cal");Insert into Meals VALUES (149,8,"Article training new various look raise end machine. Next success how since agency. Take red build early single.","Lunch",4,149,5);Insert into CalorieCount VALUES (150,200,"cal");Insert into Meals VALUES (150,8,"Affect public guy difficult case. Among inside among. Thus direction hot bring situation relate deep.","Dinner",3,150,13);Insert into CalorieCount VALUES (151,1738,"kcal");Insert into Meals VALUES (151,8,"Physical area economic audience be traditional.","Breakfast",1,151,3);Insert into CalorieCount VALUES (152,319,"kcal");Insert into Meals VALUES (152,8,"Quality skin human.","Lunch",4,152,18);Insert into CalorieCount VALUES (153,1592,"kcal");Insert into Meals VALUES (153,8,"Weight bill particularly cup. Young fact impact free I industry.","Dinner",3,153,19);Insert into CalorieCount VALUES (154,1868,"cal");Insert into Meals VALUES (154,8,"Visit during operation into response. Management among year bill matter because. Approach audience including mother federal fill.","Breakfast",3,154,5);Insert into CalorieCount VALUES (155,1724,"kcal");Insert into Meals VALUES (155,8,"Official goal away quite everything listen trial. Nothing PM under suggest.","Lunch",5,155,20);Insert into CalorieCount VALUES (156,2081,"kcal");Insert into Meals VALUES (156,8,"Seem bill hotel voice. Carry Republican myself believe. Other research data contain thousand series.","Dinner",5,156,1);Insert into CalorieCount VALUES (157,1165,"cal");Insert into Meals VALUES (157,8,"Task black another beautiful. Writer fly physical wrong trial physical Republican art.","Breakfast",2,157,17);Insert into CalorieCount VALUES (158,1399,"kcal");Insert into Meals VALUES (158,8,"With leg son fine. Candidate senior lay reality region concern.","Lunch",2,158,13);Insert into CalorieCount VALUES (159,1598,"cal");Insert into Meals VALUES (159,8,"Every past various contain mission it. All anything current reveal can yet. Easy arrive run art forward.","Dinner",2,159,15);Insert into CalorieCount VALUES (160,1035,"kcal");Insert into Meals VALUES (160,8,"People effort national name note their. Example training thing letter worker value.","Breakfast",4,160,19);Insert into CalorieCount VALUES (161,2058,"cal");Insert into Meals VALUES (161,8,"Parent wind item star yeah include couple idea. Offer wind factor million agreement play. Within low stop himself themselves scene picture almost.","Lunch",1,161,11);Insert into CalorieCount VALUES (162,421,"cal");Insert into Meals VALUES (162,8,"Operation author happen major serious check trouble. Just him wish many off. Development per road above building population when. Strategy organization defense source natural.","Dinner",4,162,7);Insert into CalorieCount VALUES (163,1706,"kcal");Insert into Meals VALUES (163,8,"Price beyond three this base minute trip main. Home officer yes start make night bill according. Federal can seven share. Hour movement use end.","Breakfast",5,163,18);Insert into CalorieCount VALUES (164,268,"kcal");Insert into Meals VALUES (164,8,"Traditional miss sit themselves training hand drive.","Lunch",2,164,6);Insert into CalorieCount VALUES (165,538,"kcal");Insert into Meals VALUES (165,8,"Where red though without reach. Fly true night dinner establish husband.","Dinner",5,165,10);Insert into CalorieCount VALUES (166,2079,"cal");Insert into Meals VALUES (166,8,"Free floor stock newspaper bad. Indicate crime recently travel certainly sign military. Year education special.","Breakfast",1,166,15);Insert into CalorieCount VALUES (167,1069,"cal");Insert into Meals VALUES (167,8,"Leg apply or base production morning. Others appear any out project name do.","Lunch",5,167,4);Insert into CalorieCount VALUES (168,740,"cal");Insert into Meals VALUES (168,8,"Ability education southern lay. Certain peace deep gun else meet man. Wish list provide rule strategy.","Dinner",4,168,4);Insert into CalorieCount VALUES (169,140,"kcal");Insert into Meals VALUES (169,9,"Case position floor adult without ball friend. Seat admit task about. Market kid professional quite sound.","Breakfast",5,169,18);Insert into CalorieCount VALUES (170,758,"kcal");Insert into Meals VALUES (170,9,"Garden current red act name born. Bar budget what product. Tonight three have great she long.","Lunch",4,170,9);Insert into CalorieCount VALUES (171,1863,"cal");Insert into Meals VALUES (171,9,"Hand pick send speech. Last hour common. Him Congress assume staff next fill station want.","Dinner",3,171,18);Insert into CalorieCount VALUES (172,1084,"kcal");Insert into Meals VALUES (172,9,"Meet room discover certainly research dog. Analysis one over turn here wide our entire. Hundred cause their performance. Natural any pressure executive.","Breakfast",3,172,20);Insert into CalorieCount VALUES (173,325,"kcal");Insert into Meals VALUES (173,9,"Dream fine country wall accept school prepare. Because market west tree simple if.","Lunch",2,173,20);Insert into CalorieCount VALUES (174,1685,"cal");Insert into Meals VALUES (174,9,"Memory while tax manager election. Wrong part trip. Difference remain Republican face reflect.","Dinner",2,174,16);Insert into CalorieCount VALUES (175,1873,"kcal");Insert into Meals VALUES (175,9,"One husband specific majority medical film everything.","Breakfast",4,175,3);Insert into CalorieCount VALUES (176,1075,"kcal");Insert into Meals VALUES (176,9,"Seven wrong film bed. Under let if. Turn attorney walk agency.","Lunch",5,176,6);Insert into CalorieCount VALUES (177,249,"kcal");Insert into Meals VALUES (177,9,"Former quickly like idea to. Yes manager police member office. Sing different point approach two big.","Dinner",4,177,4);Insert into CalorieCount VALUES (178,1869,"cal");Insert into Meals VALUES (178,9,"Build conference a trouble leg responsibility maybe teacher. Answer her remember partner like add wait product. Man court view modern about service walk.","Breakfast",3,178,16);Insert into CalorieCount VALUES (179,1390,"cal");Insert into Meals VALUES (179,9,"President series ahead environmental. Too commercial suffer company long magazine product.","Lunch",4,179,20);Insert into CalorieCount VALUES (180,1419,"kcal");Insert into Meals VALUES (180,9,"So interest none late. Large debate mouth player future he land.","Dinner",4,180,9);Insert into CalorieCount VALUES (181,738,"kcal");Insert into Meals VALUES (181,9,"Movie about base prevent style significant clear.","Breakfast",4,181,1);Insert into CalorieCount VALUES (182,381,"kcal");Insert into Meals VALUES (182,9,"Near instead something loss. Public herself make what across simple change in.","Lunch",2,182,4);Insert into CalorieCount VALUES (183,2086,"kcal");Insert into Meals VALUES (183,9,"Doctor position example investment fill. Single side knowledge star success. Good away structure.","Dinner",1,183,7);Insert into CalorieCount VALUES (184,1813,"cal");Insert into Meals VALUES (184,9,"Many live research available cost become billion. Choice try the soldier. Line out name third language sound child provide.","Breakfast",2,184,15);Insert into CalorieCount VALUES (185,1417,"cal");Insert into Meals VALUES (185,9,"Civil girl thank window company final edge. Nice health community husband there town.","Lunch",4,185,6);Insert into CalorieCount VALUES (186,1284,"cal");Insert into Meals VALUES (186,9,"Prove cold walk. Central office happen common debate. Explain money administration quickly while movement none.","Dinner",5,186,19);Insert into CalorieCount VALUES (187,746,"kcal");Insert into Meals VALUES (187,9,"Early continue large. Audience yourself upon study partner produce indeed few.","Breakfast",1,187,6);Insert into CalorieCount VALUES (188,1187,"cal");Insert into Meals VALUES (188,9,"Crime public yes cup approach. Economy our spring customer.","Lunch",5,188,6);Insert into CalorieCount VALUES (189,858,"cal");Insert into Meals VALUES (189,9,"Line not within change operation center. Five simply hundred else factor follow.","Dinner",5,189,18);Insert into CalorieCount VALUES (190,270,"kcal");Insert into Meals VALUES (190,10,"Culture lead drive ago top mission none. Ground success success make parent.","Breakfast",5,190,10);Insert into CalorieCount VALUES (191,1422,"cal");Insert into Meals VALUES (191,10,"Near describe positive white born. Walk skin somebody without American. Staff explain meeting garden.","Lunch",3,191,19);Insert into CalorieCount VALUES (192,770,"cal");Insert into Meals VALUES (192,10,"Small security organization former. Stock bill bag career trouble.","Dinner",2,192,6);Insert into CalorieCount VALUES (193,2151,"kcal");Insert into Meals VALUES (193,10,"Take into enter toward cell enough nice. Child lose college nor prove issue. Less type meeting sort.","Breakfast",5,193,10);Insert into CalorieCount VALUES (194,108,"cal");Insert into Meals VALUES (194,10,"Watch show develop program positive. Threat federal town ahead catch report. Try very far popular. Necessary next present conference design apply lay.","Lunch",1,194,18);Insert into CalorieCount VALUES (195,2192,"cal");Insert into Meals VALUES (195,10,"Woman early just own.","Dinner",4,195,19);Insert into CalorieCount VALUES (196,2029,"kcal");Insert into Meals VALUES (196,10,"Certainly thank return program room.","Breakfast",1,196,12);Insert into CalorieCount VALUES (197,781,"cal");Insert into Meals VALUES (197,10,"Interest section page life a meeting staff. Throughout within student director brother gas history. Situation every reach some.","Lunch",3,197,3);Insert into CalorieCount VALUES (198,1342,"cal");Insert into Meals VALUES (198,10,"Avoid drive high window medical because hospital exist. Term edge institution baby theory decade high. Vote behavior government thus.","Dinner",1,198,8);Insert into CalorieCount VALUES (199,1334,"kcal");Insert into Meals VALUES (199,10,"Top kitchen size like. Fire activity necessary final. Second believe hope range amount well computer.","Breakfast",1,199,1);Insert into CalorieCount VALUES (200,537,"cal");Insert into Meals VALUES (200,10,"Nor now human who here even concern there. Walk give bit appear consider.","Lunch",3,200,1);Insert into CalorieCount VALUES (201,1498,"cal");Insert into Meals VALUES (201,10,"Its almost quickly parent less never. Guy over first current market organization president.","Dinner",5,201,6);Insert into CalorieCount VALUES (202,205,"kcal");Insert into Meals VALUES (202,10,"Task create discuss dog. Ago peace late life actually thank.","Breakfast",5,202,8);Insert into CalorieCount VALUES (203,85,"kcal");Insert into Meals VALUES (203,10,"Member throughout image sit although fish. Instead staff measure myself. Detail whose when whole Congress help.","Lunch",2,203,11);Insert into CalorieCount VALUES (204,1354,"kcal");Insert into Meals VALUES (204,10,"Point size statement store movement describe policy. Between eight no imagine also relationship it card.","Dinner",2,204,6);Insert into CalorieCount VALUES (205,1074,"kcal");Insert into Meals VALUES (205,10,"Claim physical himself training significant question. Figure kid detail hard clearly upon. Half second couple me another series administration operation. Wide somebody drug table technology treat piece stand.","Breakfast",2,205,6);Insert into CalorieCount VALUES (206,92,"kcal");Insert into Meals VALUES (206,10,"Evening like billion. Purpose cover bed week career wind. President system positive wife like begin military.","Lunch",4,206,13);Insert into CalorieCount VALUES (207,215,"kcal");Insert into Meals VALUES (207,10,"Car fish develop small key safe. Onto yeah subject see. Recently easy establish education.","Dinner",2,207,13);Insert into CalorieCount VALUES (208,17,"kcal");Insert into Meals VALUES (208,10,"Since red least letter. Situation government line affect focus. Note listen author think.","Breakfast",1,208,17);Insert into CalorieCount VALUES (209,1924,"cal");Insert into Meals VALUES (209,10,"Could party really dinner parent international opportunity. Coach company particular able. Us reflect side up impact crime war.","Lunch",4,209,15);Insert into CalorieCount VALUES (210,1858,"cal");Insert into Meals VALUES (210,10,"Hour among while. Effort must expert picture truth check professor. Huge Mrs money sure world.","Dinner",3,210,4);
CREATE VIEW user_stock
AS

SELECT 
    u.userID, u.user_fname, u.user_lname,
    ai.ingredient_id, ai.ingredient_name, ai.quantity_of_ingredients
FROM 
    Users u JOIN(
        SELECT 
            a.quantity_of_ingredients, a.ingredient_id,
            i.ingredient_name, a.userID
        FROM
            AvailableIngredients a
            JOIN Ingredients i
            ON i.ingredient_id=a.ingredient_id
        ) ai
    ON ai.userID=u.userID
;




/* coming back to this */
CREATE VIEW Ing_measured  AS
SELECT 
    ime_i.ingredient_id,
    ime_i.ingredient_name,
    m.measure_id,
    m.unit,
    ime_i.quantity,
    ime_i.recipe_id
FROM Measurements m JOIN 
    (SELECT 
            ime.recipe_id,
            ime.ingredient_id,
            i.ingredient_name,
            ime.measure_id,
            ime.quantity
        FROM 
            IngredientMeasurement ime 
            JOIN Ingredients i
            ON i.ingredient_id=ime.ingredient_id
    )ime_i
    ON ime_i.measure_id=m.measure_id
;

-- return to this    
CREATE VIEW Ing_measured_json
AS
SELECT
    im.recipe_id,
    JSON_ARRAYAGG(
        CONCAT(im.quantity," ",im.unit," ",im.ingredient_name )
        )ingredients
FROM Ing_measured im
GROUP BY im.recipe_id
;

CREATE VIEW instruction_json AS
SELECT
    i.recipe_id,
    JSON_ARRAYAGG(i.instruct_description)instructions
FROM instruction i
GROUP BY i.recipe_id
;
    
CREATE VIEW all_recipes AS
SELECT 
    rin.recipe_id,
    rin.recipe_nm,
    rin.image,
    rin.estimatedtime,
    rin.date_created,
    rin.recipe_description,
    rin.instruct_id,
    rin.instruct_description,
    im.ingredient_id,
    im.ingredient_name,
    im.measure_id,
    im.quantity,
    im.unit
FROM
    Ing_measured im
    JOIN(
        SELECT
            r.recipe_id,
            r.recipe_nm,
            r.image,
            r.estimatedtime,
            r.date_created,
            r.recipe_description,
            ins.instruct_id,
            ins.instruct_description
        FROM Recipe r JOIN instruction ins ON ins.recipe_id=r.recipe_id
    ) rin
    ON rin.recipe_id=im.recipe_id
;
    
CREATE VIEW all_recipes_json AS
SELECT 
    rin.recipe_id,
    rin.recipe_nm,
    rin.image,
    rin.estimatedtime,
    rin.date_created,
    rin.recipe_description,
    rin.instructions,
    im.ingredients
FROM
    Ing_measured_json im 
    JOIN(
        SELECT 
            recp.recipe_id,recp.recipe_nm,recp.image,
            recp.estimatedtime,
            recp.date_created,
            recp.recipe_description,
            ins.instructions
        FROM Recipe recp JOIN instruction_json ins ON ins.recipe_id=recp.recipe_id
        GROUP BY recp.recipe_id
    ) rin
    ON rin.recipe_id=im.recipe_id
    GROUP BY rin.recipe_id
;
    
CREATE VIEW p_meal_recipe AS
SELECT 
    ar.recipe_id,
    ar.recipe_nm,
    ar.image,
    ar.estimatedtime,
    ar.date_created,
    ar.recipe_description,
    ar.instruct_id,
    ar.instruct_description,
    ar.ingredient_id,
    ar.ingredient_name,
    ar.measure_id,
    ar.quantity,
    ar.unit,
    meal.calorie_c_id,
    meal.meal_id,
    meal.servingsize,
    meal.planner_id,
    meal.meal_type
FROM
    Meals meal JOIN all_recipes ar ON meal.recipe_id=ar.recipe_id
;
    
CREATE VIEW p_meal_recipe_json AS
SELECT
    alrj.recipe_id,
    alrj.recipe_nm,
    alrj.image,
    alrj.estimatedtime,
    alrj.date_created,
    alrj.recipe_description,
    alrj.instructions,
    alrj.ingredients,
    meal.calorie_c_id,
    meal.meal_id,
    meal.planner_id,
    meal.servingsize,
    meal.meal_type
FROM
    Meals meal JOIN all_recipes_json alrj ON meal.recipe_id=alrj.recipe_id
;
CREATE VIEW p_meal_recipe_json_cal AS
SELECT
    pmrj.recipe_id,
    pmrj.recipe_nm,
    pmrj.image,
    pmrj.estimatedtime,
    pmrj.date_created,
    pmrj.recipe_description,
    pmrj.instructions,
    pmrj.ingredients,
    pmrj.meal_id,
    pmrj.planner_id,
    pmrj.servingsize,
    pmrj.meal_type,
    CONCAT(c.number_of_calories," ",c.type_of_calories) Calories
FROM
    CalorieCount c JOIN p_meal_recipe_json pmrj ON c.calorie_c_id=pmrj.calorie_c_id
;

CREATE VIEW Planners_containing_meals AS
SELECT
    pmr.planner_id,
    mp.userID,
    pmr.recipe_id,
    pmr.recipe_nm,
    pmr.image,
    pmr.estimatedtime,
    pmr.date_created,
    pmr.recipe_description,
    pmr.instruct_id,
    pmr.instruct_description,
    pmr.ingredient_id,
    pmr.ingredient_name,
    pmr.measure_id,
    pmr.quantity,
    pmr.unit,
    pmr.calorie_c_id,
    pmr.meal_id,
    pmr.servingsize,
    pmr.meal_type
FROM
    MealPlanner mp JOIN p_meal_recipe pmr ON pmr.planner_id=mp.planner_id
;

CREATE VIEW Planners_containing_meals_json AS
SELECT 
    mp.userID, 
    mp.planner_id,
    JSON_ARRAYAGG(CONCAT(pmrjc.image,", ",
    pmrjc.recipe_nm," ,",
    pmrjc.recipe_id," ,",
    pmrjc.meal_type,", ",
    pmrjc.servingsize,", ",
        pmrjc.Calories," "
        )) meals_that_are_planned
FROM
    MealPlanner mp JOIN p_meal_recipe_json_cal pmrjc ON mp.planner_id=pmrjc.planner_id
Group by mp.planner_id;
;
    
CREATE VIEW MarketLists AS
SELECT
    pa.userID,
    u.user_fname,
    u.user_lname,
    pa.ingredient_name,
    u.quantity_of_ingredients,
    pa.total_amount amount_needed,
    pa.unit
FROM
    user_stock u
    JOIN 
        ( SELECT
                p.userID,
                p.ingredient_name,
                SUM(p.quantity) total_amount,
                p.unit
            FROM
                Planners_containing_meals p
            GROUP BY p.userID, p.ingredient_name
        ) pa
    ON pa.userID=u.userID
GROUP BY pa.userID, pa.ingredient_name
;


